key,value,date
第一课,1950.649841,15-09-06
第一课,2036.211762,15-09-07
第一课,5686.033588,15-09-08
第一课,585572.293673,15-09-09
第一课,361042.216175,15-09-10
第一课,255084.291319,15-09-11
第一课,235613.504591,15-09-12
第一课,293908.177168,15-09-13
第一课,347128.349085,15-09-14
第一课,298370.877244,15-09-15
第一课,324355.977220,15-09-16
第一课,266938.442403,15-09-17
第一课,249873.390289,15-09-18
第一课,248589.570602,15-09-19
第一课,215798.577789,15-09-20
第一课,182283.281012,15-09-21
第一课,144093.572470,15-09-22
第一课,174403.256762,15-09-23
第一课,108594.672852,15-09-24
第一课,115721.581006,15-09-25
第一课,123339.468495,15-09-26
第一课,138867.464720,15-09-27
第一课,137952.462328,15-09-28
第一课,120247.629474,15-09-29
第一课,125880.768554,15-09-30
第一课,72308.697929,15-10-01
第一课,105531.068798,15-10-02
第一课,86954.595998,15-10-03
第一课,83491.551972,15-10-04
第一课,150047.031618,15-10-05
第一课,164301.874995,15-10-06
第一课,56536.431540,15-10-07
第一课,82416.445659,15-10-08
第一课,50691.877497,15-10-09
第一课,74923.315377,15-10-10
第一课,89094.565474,15-10-11
第一课,54508.164840,15-10-12
第一课,54045.688429,15-10-13
第一课,54730.513542,15-10-14
第一课,52845.992207,15-10-15
第一课,42533.128985,15-10-16
第一课,61651.627945,15-10-17
第一课,44609.074071,15-10-18
第一课,39133.221780,15-10-19
第一课,53693.843961,15-10-20
第一课,28992.898379,15-10-21
第一课,26914.142722,15-10-22
第一课,42696.177818,15-10-23
第一课,40604.615885,15-10-24
第一课,52266.142168,15-10-25
第一课,43464.319381,15-10-26
第一课,41841.143574,15-10-27
第一课,51198.093118,15-10-28
第一课,75438.014622,15-10-29
第一课,43594.414017,15-10-30
第一课,46847.879261,15-10-31
第一课,34981.021309,15-11-01
第一课,27613.018691,15-11-02
第一课,46718.049794,15-11-03
第一课,54762.377668,15-11-04
第一课,29836.515971,15-11-05
第一课,36817.038692,15-11-06
第一课,30615.791806,15-11-07
第一课,40872.643974,15-11-08
第一课,18765.894385,15-11-09
第一课,38611.274846,15-11-10
第一课,26328.011145,15-11-11
第一课,22665.450604,15-11-12
第一课,38801.076448,15-11-13
第一课,28040.583051,15-11-14
第一课,44014.007197,15-11-15
第一课,36628.603690,15-11-16
第一课,40475.344280,15-11-17
第一课,27417.718260,15-11-18
第一课,27685.657455,15-11-19
第一课,4901.525654,15-11-20
第一课,23464.416810,15-11-21
第一课,53230.757422,15-11-22
第一课,14743.799272,15-11-23
第一课,25323.275461,15-11-24
第一课,4779.726681,15-11-25
第一课,15108.153939,15-11-26
第一课,32333.557574,15-11-27
第一课,18284.519593,15-11-28
第一课,29905.094437,15-11-29
第一课,25030.774358,15-11-30
第一课,18496.357230,15-12-01
第一课,14194.059749,15-12-02
第一课,19224.344848,15-12-03
第一课,6793.791590,15-12-04
第一课,2759.168689,15-12-05
第一课,23908.253052,15-12-06
第一课,30871.239007,15-12-07
第一课,1283.826140,15-12-08
第一课,1804.675254,15-12-09
第一课,16576.356248,15-12-10
第一课,16784.988496,15-12-11
第一课,16715.101529,15-12-12
第一课,15654.153283,15-12-13
第一课,6527.788256,15-12-14
第一课,10762.738977,15-12-15
第一课,4405.069443,15-12-16
第一课,5515.971543,15-12-17
第一课,5913.485241,15-12-18
第一课,13170.580893,15-12-19
第一课,10160.314958,15-12-20
第一课,8544.589964,15-12-21
第一课,10774.800186,15-12-22
第一课,19032.030644,15-12-23
第一课,5659.050928,15-12-24
第一课,3150.833800,15-12-25
第一课,6215.937254,15-12-26
第一课,13584.781860,15-12-27
第一课,6363.696464,15-12-28
第一课,7032.507459,15-12-29
第一课,9623.785788,15-12-30
第一课,8512.354677,15-12-31
第二课,0.000000,15-09-06
第二课,0.000000,15-09-07
第二课,0.000000,15-09-08
第二课,0.000000,15-09-09
第二课,0.000000,15-09-10
第二课,0.000000,15-09-11
第二课,0.000000,15-09-12
第二课,0.000000,15-09-13
第二课,0.000000,15-09-14
第二课,5900.643838,15-09-15
第二课,717693.420082,15-09-16
第二课,742521.667544,15-09-17
第二课,627788.531815,15-09-18
第二课,550304.708512,15-09-19
第二课,670733.302453,15-09-20
第二课,322966.627621,15-09-21
第二课,259927.417259,15-09-22
第二课,350182.339897,15-09-23
第二课,209156.825484,15-09-24
第二课,169164.002431,15-09-25
第二课,190281.466364,15-09-26
第二课,344294.580977,15-09-27
第二课,239348.192869,15-09-28
第二课,249199.758050,15-09-29
第二课,140069.158414,15-09-30
第二课,103707.125879,15-10-01
第二课,169479.240333,15-10-02
第二课,261365.145873,15-10-03
第二课,273084.951015,15-10-04
第二课,215672.110683,15-10-05
第二课,245894.122810,15-10-06
第二课,119179.071187,15-10-07
第二课,224049.226152,15-10-08
第二课,157201.876184,15-10-09
第二课,131610.313763,15-10-10
第二课,107288.985706,15-10-11
第二课,77821.092410,15-10-12
第二课,105968.385409,15-10-13
第二课,153072.554110,15-10-14
第二课,145811.980898,15-10-15
第二课,79291.342519,15-10-16
第二课,50415.045490,15-10-17
第二课,51958.376846,15-10-18
第二课,38437.776800,15-10-19
第二课,7005.100226,15-10-20
第二课,31314.468447,15-10-21
第二课,40487.151825,15-10-22
第二课,28759.185878,15-10-23
第二课,34752.019375,15-10-24
第二课,56741.854277,15-10-25
第二课,35769.541996,15-10-26
第二课,25361.603503,15-10-27
第二课,34093.618962,15-10-28
第二课,38739.343927,15-10-29
第二课,29096.219667,15-10-30
第二课,34402.034915,15-10-31
第二课,48345.847337,15-11-01
第二课,33975.428921,15-11-02
第二课,19437.617572,15-11-03
第二课,50789.206152,15-11-04
第二课,15152.658286,15-11-05
第二课,49382.342961,15-11-06
第二课,32935.300774,15-11-07
第二课,33620.384803,15-11-08
第二课,33454.920319,15-11-09
第二课,23926.409731,15-11-10
第二课,30899.331399,15-11-11
第二课,23092.764967,15-11-12
第二课,26255.820788,15-11-13
第二课,18195.865132,15-11-14
第二课,30872.551421,15-11-15
第二课,17274.297839,15-11-16
第二课,26773.879433,15-11-17
第二课,11959.672922,15-11-18
第二课,29557.112023,15-11-19
第二课,22136.682573,15-11-20
第二课,7602.930478,15-11-21
第二课,7551.659057,15-11-22
第二课,26344.399073,15-11-23
第二课,20476.331654,15-11-24
第二课,8595.348986,15-11-25
第二课,13352.167387,15-11-26
第二课,25834.447548,15-11-27
第二课,50637.914527,15-11-28
第二课,101596.272861,15-11-29
第二课,65770.754534,15-11-30
第二课,85639.840872,15-12-01
第二课,43664.320717,15-12-02
第二课,19880.240692,15-12-03
第二课,20760.378032,15-12-04
第二课,4727.935398,15-12-05
第二课,28593.870268,15-12-06
第二课,22203.158070,15-12-07
第二课,32121.318724,15-12-08
第二课,11563.662323,15-12-09
第二课,19846.353936,15-12-10
第二课,16798.480939,15-12-11
第二课,18637.437080,15-12-12
第二课,11937.257913,15-12-13
第二课,36544.361040,15-12-14
第二课,9887.378356,15-12-15
第二课,6607.301385,15-12-16
第二课,2121.527392,15-12-17
第二课,4420.210601,15-12-18
第二课,13781.847986,15-12-19
第二课,13056.873113,15-12-20
第二课,17210.203378,15-12-21
第二课,29064.885853,15-12-22
第二课,14138.837567,15-12-23
第二课,10124.269910,15-12-24
第二课,21873.450952,15-12-25
第二课,45621.407639,15-12-26
第二课,76799.771443,15-12-27
第二课,54981.951655,15-12-28
第二课,52979.342586,15-12-29
第二课,32076.322036,15-12-30
第二课,10089.052678,15-12-31
第三课,0.000000,15-09-06
第三课,0.000000,15-09-07
第三课,0.000000,15-09-08
第三课,0.000000,15-09-09
第三课,0.000000,15-09-10
第三课,0.000000,15-09-11
第三课,0.000000,15-09-12
第三课,0.000000,15-09-13
第三课,0.000000,15-09-14
第三课,0.000000,15-09-15
第三课,0.000000,15-09-16
第三课,0.000000,15-09-17
第三课,0.000000,15-09-18
第三课,0.000000,15-09-19
第三课,0.000000,15-09-20
第三课,0.000000,15-09-21
第三课,6005.808943,15-09-22
第三课,323462.413658,15-09-23
第三课,301664.830432,15-09-24
第三课,177767.778142,15-09-25
第三课,176925.592180,15-09-26
第三课,293388.296176,15-09-27
第三课,179265.270359,15-09-28
第三课,264538.576052,15-09-29
第三课,102704.608149,15-09-30
第三课,70491.031449,15-10-01
第三课,109393.146064,15-10-02
第三课,162960.566572,15-10-03
第三课,170663.597788,15-10-04
第三课,127445.927765,15-10-05
第三课,199235.321717,15-10-06
第三课,97984.166182,15-10-07
第三课,155349.364704,15-10-08
第三课,137484.656631,15-10-09
第三课,90449.954212,15-10-10
第三课,139934.123461,15-10-11
第三课,75214.578397,15-10-12
第三课,101110.404915,15-10-13
第三课,132257.560839,15-10-14
第三课,197477.532485,15-10-15
第三课,88279.817649,15-10-16
第三课,27188.073576,15-10-17
第三课,54433.111657,15-10-18
第三课,37229.655248,15-10-19
第三课,6011.404025,15-10-20
第三课,18070.442805,15-10-21
第三课,13002.915706,15-10-22
第三课,10145.703209,15-10-23
第三课,26297.098483,15-10-24
第三课,24299.587073,15-10-25
第三课,41716.190673,15-10-26
第三课,12856.698391,15-10-27
第三课,28716.449627,15-10-28
第三课,32277.821126,15-10-29
第三课,25521.197390,15-10-30
第三课,13365.302999,15-10-31
第三课,20814.769588,15-11-01
第三课,18430.649529,15-11-02
第三课,17800.773912,15-11-03
第三课,23282.385067,15-11-04
第三课,8490.441450,15-11-05
第三课,16729.627302,15-11-06
第三课,17611.661476,15-11-07
第三课,13565.411124,15-11-08
第三课,24709.068145,15-11-09
第三课,23226.411918,15-11-10
第三课,11115.014760,15-11-11
第三课,24711.163363,15-11-12
第三课,9769.322960,15-11-13
第三课,14389.259023,15-11-14
第三课,33085.077041,15-11-15
第三课,23034.471687,15-11-16
第三课,16256.149444,15-11-17
第三课,7952.251939,15-11-18
第三课,20456.397092,15-11-19
第三课,9840.218483,15-11-20
第三课,8593.927248,15-11-21
第三课,8041.934914,15-11-22
第三课,42758.400569,15-11-23
第三课,13792.988795,15-11-24
第三课,8563.452092,15-11-25
第三课,16172.953044,15-11-26
第三课,17154.724369,15-11-27
第三课,41337.941092,15-11-28
第三课,72329.327501,15-11-29
第三课,71329.299277,15-11-30
第三课,82221.014829,15-12-01
第三课,32430.189530,15-12-02
第三课,15346.954964,15-12-03
第三课,9322.992542,15-12-04
第三课,24778.986533,15-12-05
第三课,51324.481411,15-12-06
第三课,46813.940059,15-12-07
第三课,44451.702639,15-12-08
第三课,27543.014051,15-12-09
第三课,7691.075994,15-12-10
第三课,5225.332129,15-12-11
第三课,16035.328069,15-12-12
第三课,5510.774837,15-12-13
第三课,38047.252507,15-12-14
第三课,18939.113345,15-12-15
第三课,9461.920968,15-12-16
第三课,30.055599,15-12-17
第三课,4676.324431,15-12-18
第三课,13939.320497,15-12-19
第三课,13607.033360,15-12-20
第三课,17177.804858,15-12-21
第三课,12220.588151,15-12-22
第三课,7464.832786,15-12-23
第三课,5861.290171,15-12-24
第三课,10891.674000,15-12-25
第三课,39942.121166,15-12-26
第三课,104763.068292,15-12-27
第三课,44410.462842,15-12-28
第三课,60663.634349,15-12-29
第三课,23267.447169,15-12-30
第三课,3564.180430,15-12-31
第四课,0.000000,15-09-06
第四课,0.000000,15-09-07
第四课,0.000000,15-09-08
第四课,0.000000,15-09-09
第四课,0.000000,15-09-10
第四课,0.000000,15-09-11
第四课,0.000000,15-09-12
第四课,0.000000,15-09-13
第四课,0.000000,15-09-14
第四课,0.000000,15-09-15
第四课,0.000000,15-09-16
第四课,0.000000,15-09-17
第四课,0.000000,15-09-18
第四课,0.000000,15-09-19
第四课,0.000000,15-09-20
第四课,0.000000,15-09-21
第四课,0.000000,15-09-22
第四课,0.000000,15-09-23
第四课,0.000000,15-09-24
第四课,0.000000,15-09-25
第四课,0.000000,15-09-26
第四课,0.000000,15-09-27
第四课,0.000000,15-09-28
第四课,6997.863824,15-09-29
第四课,0.000000,15-09-30
第四课,194121.956670,15-10-01
第四课,232318.454062,15-10-02
第四课,264897.435567,15-10-03
第四课,385946.872371,15-10-04
第四课,244182.678322,15-10-05
第四课,198280.673250,15-10-06
第四课,229163.099348,15-10-07
第四课,215968.932666,15-10-08
第四课,284341.316192,15-10-09
第四课,190183.086530,15-10-10
第四课,238040.866949,15-10-11
第四课,168781.162830,15-10-12
第四课,114050.485385,15-10-13
第四课,212423.362960,15-10-14
第四课,330874.998857,15-10-15
第四课,153810.463275,15-10-16
第四课,36597.107351,15-10-17
第四课,40934.231765,15-10-18
第四课,38592.676192,15-10-19
第四课,27305.219902,15-10-20
第四课,43417.801050,15-10-21
第四课,45720.615721,15-10-22
第四课,34214.778803,15-10-23
第四课,35707.045620,15-10-24
第四课,65550.557003,15-10-25
第四课,45978.018157,15-10-26
第四课,32457.358819,15-10-27
第四课,29470.429130,15-10-28
第四课,31879.446846,15-10-29
第四课,43902.182153,15-10-30
第四课,26546.603201,15-10-31
第四课,14314.672127,15-11-01
第四课,28706.482595,15-11-02
第四课,48899.920773,15-11-03
第四课,39040.802747,15-11-04
第四课,12780.272683,15-11-05
第四课,18715.869247,15-11-06
第四课,18260.975906,15-11-07
第四课,30017.949791,15-11-08
第四课,27335.178619,15-11-09
第四课,61143.498493,15-11-10
第四课,7322.765189,15-11-11
第四课,26860.831545,15-11-12
第四课,18731.627765,15-11-13
第四课,14544.242321,15-11-14
第四课,33832.858147,15-11-15
第四课,27425.697747,15-11-16
第四课,13348.043086,15-11-17
第四课,36199.587639,15-11-18
第四课,25247.862097,15-11-19
第四课,7985.930942,15-11-20
第四课,9065.032291,15-11-21
第四课,8935.762469,15-11-22
第四课,18249.520404,15-11-23
第四课,24781.361467,15-11-24
第四课,19892.734975,15-11-25
第四课,7195.146499,15-11-26
第四课,27237.692157,15-11-27
第四课,61751.925316,15-11-28
第四课,104596.303848,15-11-29
第四课,93578.219349,15-11-30
第四课,105495.192008,15-12-01
第四课,36898.106381,15-12-02
第四课,21717.170885,15-12-03
第四课,16027.733317,15-12-04
第四课,18291.421853,15-12-05
第四课,33750.176103,15-12-06
第四课,49298.306090,15-12-07
第四课,36552.320647,15-12-08
第四课,7949.796150,15-12-09
第四课,9697.764955,15-12-10
第四课,12075.558098,15-12-11
第四课,17246.261881,15-12-12
第四课,17107.401555,15-12-13
第四课,39266.977333,15-12-14
第四课,18118.964736,15-12-15
第四课,17981.286951,15-12-16
第四课,15114.656571,15-12-17
第四课,6249.504999,15-12-18
第四课,13415.704534,15-12-19
第四课,27871.086918,15-12-20
第四课,18300.032276,15-12-21
第四课,27605.575237,15-12-22
第四课,10388.182700,15-12-23
第四课,18930.897602,15-12-24
第四课,12363.585290,15-12-25
第四课,47762.739251,15-12-26
第四课,124492.244627,15-12-27
第四课,53629.849905,15-12-28
第四课,82852.436688,15-12-29
第四课,33365.055716,15-12-30
第四课,4668.832511,15-12-31
第五课,0.000000,15-09-06
第五课,0.000000,15-09-07
第五课,0.000000,15-09-08
第五课,0.000000,15-09-09
第五课,0.000000,15-09-10
第五课,0.000000,15-09-11
第五课,0.000000,15-09-12
第五课,0.000000,15-09-13
第五课,0.000000,15-09-14
第五课,0.000000,15-09-15
第五课,0.000000,15-09-16
第五课,0.000000,15-09-17
第五课,0.000000,15-09-18
第五课,0.000000,15-09-19
第五课,0.000000,15-09-20
第五课,0.000000,15-09-21
第五课,0.000000,15-09-22
第五课,0.000000,15-09-23
第五课,0.000000,15-09-24
第五课,0.000000,15-09-25
第五课,0.000000,15-09-26
第五课,0.000000,15-09-27
第五课,0.000000,15-09-28
第五课,0.000000,15-09-29
第五课,0.000000,15-09-30
第五课,0.000000,15-10-01
第五课,0.000000,15-10-02
第五课,0.000000,15-10-03
第五课,0.000000,15-10-04
第五课,0.000000,15-10-05
第五课,0.000000,15-10-06
第五课,0.000000,15-10-07
第五课,0.000000,15-10-08
第五课,0.000000,15-10-09
第五课,0.000000,15-10-10
第五课,0.000000,15-10-11
第五课,0.000000,15-10-12
第五课,8108.767505,15-10-13
第五课,291048.463264,15-10-14
第五课,273746.255674,15-10-15
第五课,341630.630887,15-10-16
第五课,165981.697529,15-10-17
第五课,197225.518684,15-10-18
第五课,187706.363548,15-10-19
第五课,156659.912644,15-10-20
第五课,168588.490273,15-10-21
第五课,106751.932489,15-10-22
第五课,115612.719208,15-10-23
第五课,182905.439113,15-10-24
第五课,186958.374566,15-10-25
第五课,40408.946387,15-10-26
第五课,33795.412965,15-10-27
第五课,30035.475356,15-10-28
第五课,33034.853219,15-10-29
第五课,37381.278460,15-10-30
第五课,31661.181159,15-10-31
第五课,13258.127935,15-11-01
第五课,8569.048110,15-11-02
第五课,31336.873058,15-11-03
第五课,23985.646722,15-11-04
第五课,23286.747171,15-11-05
第五课,9103.064822,15-11-06
第五课,23121.011139,15-11-07
第五课,9828.384037,15-11-08
第五课,26676.436991,15-11-09
第五课,27197.628927,15-11-10
第五课,27714.590374,15-11-11
第五课,23051.130448,15-11-12
第五课,14147.380529,15-11-13
第五课,17929.338256,15-11-14
第五课,43028.400371,15-11-15
第五课,18866.113799,15-11-16
第五课,16928.177949,15-11-17
第五课,21498.931040,15-11-18
第五课,36832.050966,15-11-19
第五课,10511.169960,15-11-20
第五课,41849.814488,15-11-21
第五课,17492.161573,15-11-22
第五课,16748.464290,15-11-23
第五课,15643.801244,15-11-24
第五课,25639.556933,15-11-25
第五课,15427.107940,15-11-26
第五课,28649.781289,15-11-27
第五课,24846.957081,15-11-28
第五课,87484.995461,15-11-29
第五课,80237.673318,15-11-30
第五课,81921.024696,15-12-01
第五课,37660.069881,15-12-02
第五课,34366.759567,15-12-03
第五课,90181.217379,15-12-04
第五课,84404.347482,15-12-05
第五课,91589.930823,15-12-06
第五课,112644.534035,15-12-07
第五课,75952.462057,15-12-08
第五课,91737.662092,15-12-09
第五课,69095.866869,15-12-10
第五课,81477.793373,15-12-11
第五课,62574.184861,15-12-12
第五课,98478.322714,15-12-13
第五课,31905.362262,15-12-14
第五课,15978.785021,15-12-15
第五课,16862.877858,15-12-16
第五课,21130.959292,15-12-17
第五课,3423.589951,15-12-18
第五课,7900.169491,15-12-19
第五课,28826.947360,15-12-20
第五课,12283.569871,15-12-21
第五课,24948.609468,15-12-22
第五课,21480.848969,15-12-23
第五课,13146.184987,15-12-24
第五课,13944.755228,15-12-25
第五课,42244.286390,15-12-26
第五课,105706.973713,15-12-27
第五课,60339.113716,15-12-28
第五课,71795.274467,15-12-29
第五课,31378.312251,15-12-30
第五课,8488.377508,15-12-31
第六课,0.000000,15-09-06
第六课,0.000000,15-09-07
第六课,0.000000,15-09-08
第六课,0.000000,15-09-09
第六课,0.000000,15-09-10
第六课,0.000000,15-09-11
第六课,0.000000,15-09-12
第六课,0.000000,15-09-13
第六课,0.000000,15-09-14
第六课,0.000000,15-09-15
第六课,0.000000,15-09-16
第六课,0.000000,15-09-17
第六课,0.000000,15-09-18
第六课,0.000000,15-09-19
第六课,0.000000,15-09-20
第六课,0.000000,15-09-21
第六课,0.000000,15-09-22
第六课,0.000000,15-09-23
第六课,0.000000,15-09-24
第六课,0.000000,15-09-25
第六课,0.000000,15-09-26
第六课,0.000000,15-09-27
第六课,0.000000,15-09-28
第六课,0.000000,15-09-29
第六课,0.000000,15-09-30
第六课,0.000000,15-10-01
第六课,0.000000,15-10-02
第六课,0.000000,15-10-03
第六课,0.000000,15-10-04
第六课,0.000000,15-10-05
第六课,0.000000,15-10-06
第六课,0.000000,15-10-07
第六课,0.000000,15-10-08
第六课,0.000000,15-10-09
第六课,0.000000,15-10-10
第六课,0.000000,15-10-11
第六课,0.000000,15-10-12
第六课,0.000000,15-10-13
第六课,0.000000,15-10-14
第六课,0.000000,15-10-15
第六课,0.000000,15-10-16
第六课,0.000000,15-10-17
第六课,0.000000,15-10-18
第六课,0.000000,15-10-19
第六课,11510.060315,15-10-20
第六课,209792.482496,15-10-21
第六课,165731.483904,15-10-22
第六课,170794.590463,15-10-23
第六课,167704.528692,15-10-24
第六课,177409.468252,15-10-25
第六课,194619.381829,15-10-26
第六课,117323.875810,15-10-27
第六课,110239.902735,15-10-28
第六课,107736.437633,15-10-29
第六课,111683.134477,15-10-30
第六课,163818.239317,15-10-31
第六课,73294.345756,15-11-01
第六课,19156.632215,15-11-02
第六课,22347.567313,15-11-03
第六课,32869.629018,15-11-04
第六课,15329.551260,15-11-05
第六课,14898.426990,15-11-06
第六课,15226.353764,15-11-07
第六课,18660.852005,15-11-08
第六课,18443.215787,15-11-09
第六课,6510.901244,15-11-10
第六课,9179.446679,15-11-11
第六课,14220.135169,15-11-12
第六课,13693.831531,15-11-13
第六课,5884.357735,15-11-14
第六课,20687.323811,15-11-15
第六课,11711.639686,15-11-16
第六课,4334.246933,15-11-17
第六课,9359.516431,15-11-18
第六课,30367.986245,15-11-19
第六课,10296.330435,15-11-20
第六课,12857.303883,15-11-21
第六课,22868.563957,15-11-22
第六课,10479.720359,15-11-23
第六课,6347.413088,15-11-24
第六课,18893.847495,15-11-25
第六课,14409.813100,15-11-26
第六课,7777.572714,15-11-27
第六课,20289.522372,15-11-28
第六课,6390.260309,15-11-29
第六课,12452.675671,15-11-30
第六课,22889.203344,15-12-01
第六课,12304.159382,15-12-02
第六课,15481.288336,15-12-03
第六课,0.000000,15-12-04
第六课,7841.019432,15-12-05
第六课,26760.480909,15-12-06
第六课,28918.635122,15-12-07
第六课,42899.693011,15-12-08
第六课,15254.608490,15-12-09
第六课,8700.020077,15-12-10
第六课,24781.245783,15-12-11
第六课,18687.852346,15-12-12
第六课,51835.741522,15-12-13
第六课,91681.047910,15-12-14
第六课,52898.105381,15-12-15
第六课,22833.505682,15-12-16
第六课,4993.419293,15-12-17
第六课,1561.151516,15-12-18
第六课,7014.384727,15-12-19
第六课,17392.667069,15-12-20
第六课,18591.009224,15-12-21
第六课,28681.163364,15-12-22
第六课,25340.506916,15-12-23
第六课,13492.805537,15-12-24
第六课,10840.460986,15-12-25
第六课,25097.980610,15-12-26
第六课,58140.563223,15-12-27
第六课,56412.307646,15-12-28
第六课,74484.636752,15-12-29
第六课,22147.660789,15-12-30
第六课,5027.973474,15-12-31
第七课,0.000000,15-09-06
第七课,0.000000,15-09-07
第七课,0.000000,15-09-08
第七课,0.000000,15-09-09
第七课,0.000000,15-09-10
第七课,0.000000,15-09-11
第七课,0.000000,15-09-12
第七课,0.000000,15-09-13
第七课,0.000000,15-09-14
第七课,0.000000,15-09-15
第七课,0.000000,15-09-16
第七课,0.000000,15-09-17
第七课,0.000000,15-09-18
第七课,0.000000,15-09-19
第七课,0.000000,15-09-20
第七课,0.000000,15-09-21
第七课,0.000000,15-09-22
第七课,0.000000,15-09-23
第七课,0.000000,15-09-24
第七课,0.000000,15-09-25
第七课,0.000000,15-09-26
第七课,0.000000,15-09-27
第七课,0.000000,15-09-28
第七课,0.000000,15-09-29
第七课,0.000000,15-09-30
第七课,0.000000,15-10-01
第七课,0.000000,15-10-02
第七课,0.000000,15-10-03
第七课,0.000000,15-10-04
第七课,0.000000,15-10-05
第七课,0.000000,15-10-06
第七课,0.000000,15-10-07
第七课,0.000000,15-10-08
第七课,0.000000,15-10-09
第七课,0.000000,15-10-10
第七课,0.000000,15-10-11
第七课,0.000000,15-10-12
第七课,0.000000,15-10-13
第七课,0.000000,15-10-14
第七课,0.000000,15-10-15
第七课,0.000000,15-10-16
第七课,0.000000,15-10-17
第七课,0.000000,15-10-18
第七课,0.000000,15-10-19
第七课,0.000000,15-10-20
第七课,0.000000,15-10-21
第七课,0.000000,15-10-22
第七课,5318.268698,15-10-23
第七课,0.000000,15-10-24
第七课,0.000000,15-10-25
第七课,0.000000,15-10-26
第七课,14628.032342,15-10-27
第七课,248018.362664,15-10-28
第七课,202941.144809,15-10-29
第七课,121114.951557,15-10-30
第七课,166805.260412,15-10-31
第七课,212978.717592,15-11-01
第七课,60944.060579,15-11-02
第七课,122082.612833,15-11-03
第七课,71491.272829,15-11-04
第七课,74013.047693,15-11-05
第七课,106244.011508,15-11-06
第七课,115056.431701,15-11-07
第七课,46826.057924,15-11-08
第七课,19624.940713,15-11-09
第七课,24935.177251,15-11-10
第七课,18093.441687,15-11-11
第七课,14714.835219,15-11-12
第七课,27459.986547,15-11-13
第七课,25854.442842,15-11-14
第七课,42097.062742,15-11-15
第七课,10443.995011,15-11-16
第七课,5561.027964,15-11-17
第七课,2439.631797,15-11-18
第七课,15717.830728,15-11-19
第七课,19304.105777,15-11-20
第七课,10405.035750,15-11-21
第七课,28479.547637,15-11-22
第七课,5597.254768,15-11-23
第七课,4126.920065,15-11-24
第七课,22818.018344,15-11-25
第七课,19431.503317,15-11-26
第七课,15709.061705,15-11-27
第七课,12947.118668,15-11-28
第七课,20428.126638,15-11-29
第七课,23639.653813,15-11-30
第七课,30877.978767,15-12-01
第七课,5771.834244,15-12-02
第七课,20247.041467,15-12-03
第七课,858.187983,15-12-04
第七课,10251.813697,15-12-05
第七课,10455.608032,15-12-06
第七课,41151.323253,15-12-07
第七课,38596.118970,15-12-08
第七课,21225.696604,15-12-09
第七课,8764.101806,15-12-10
第七课,25331.131483,15-12-11
第七课,38252.982478,15-12-12
第七课,74930.873212,15-12-13
第七课,90449.636913,15-12-14
第七课,83591.078279,15-12-15
第七课,30058.701522,15-12-16
第七课,5502.225704,15-12-17
第七课,1127.957099,15-12-18
第七课,6385.184065,15-12-19
第七课,20548.075000,15-12-20
第七课,23988.205350,15-12-21
第七课,34360.090562,15-12-22
第七课,34477.569898,15-12-23
第七课,15623.129763,15-12-24
第七课,16254.858578,15-12-25
第七课,37933.446704,15-12-26
第七课,94731.361999,15-12-27
第七课,68893.095696,15-12-28
第七课,97289.428801,15-12-29
第七课,37653.278330,15-12-30
第七课,6359.011643,15-12-31
第八课,0.000000,15-09-06
第八课,0.000000,15-09-07
第八课,0.000000,15-09-08
第八课,0.000000,15-09-09
第八课,0.000000,15-09-10
第八课,0.000000,15-09-11
第八课,0.000000,15-09-12
第八课,0.000000,15-09-13
第八课,0.000000,15-09-14
第八课,0.000000,15-09-15
第八课,0.000000,15-09-16
第八课,0.000000,15-09-17
第八课,0.000000,15-09-18
第八课,0.000000,15-09-19
第八课,0.000000,15-09-20
第八课,0.000000,15-09-21
第八课,0.000000,15-09-22
第八课,0.000000,15-09-23
第八课,0.000000,15-09-24
第八课,0.000000,15-09-25
第八课,0.000000,15-09-26
第八课,0.000000,15-09-27
第八课,0.000000,15-09-28
第八课,0.000000,15-09-29
第八课,0.000000,15-09-30
第八课,0.000000,15-10-01
第八课,0.000000,15-10-02
第八课,0.000000,15-10-03
第八课,0.000000,15-10-04
第八课,0.000000,15-10-05
第八课,0.000000,15-10-06
第八课,0.000000,15-10-07
第八课,0.000000,15-10-08
第八课,0.000000,15-10-09
第八课,0.000000,15-10-10
第八课,0.000000,15-10-11
第八课,0.000000,15-10-12
第八课,0.000000,15-10-13
第八课,0.000000,15-10-14
第八课,0.000000,15-10-15
第八课,0.000000,15-10-16
第八课,0.000000,15-10-17
第八课,0.000000,15-10-18
第八课,0.000000,15-10-19
第八课,0.000000,15-10-20
第八课,0.000000,15-10-21
第八课,0.000000,15-10-22
第八课,0.000000,15-10-23
第八课,0.000000,15-10-24
第八课,0.000000,15-10-25
第八课,0.000000,15-10-26
第八课,0.000000,15-10-27
第八课,0.000000,15-10-28
第八课,0.000000,15-10-29
第八课,0.000000,15-10-30
第八课,0.000000,15-10-31
第八课,0.000000,15-11-01
第八课,0.000000,15-11-02
第八课,16930.129329,15-11-03
第八课,187962.287276,15-11-04
第八课,126207.184433,15-11-05
第八课,136136.682397,15-11-06
第八课,141313.036524,15-11-07
第八课,121271.788846,15-11-08
第八课,165875.190192,15-11-09
第八课,66731.330814,15-11-10
第八课,84344.296636,15-11-11
第八课,118984.030113,15-11-12
第八课,71597.529417,15-11-13
第八课,96740.838743,15-11-14
第八课,98380.312854,15-11-15
第八课,21896.754837,15-11-16
第八课,19914.150284,15-11-17
第八课,26607.800768,15-11-18
第八课,5455.152238,15-11-19
第八课,16218.131800,15-11-20
第八课,26313.866193,15-11-21
第八课,25672.382694,15-11-22
第八课,19219.632402,15-11-23
第八课,9100.074859,15-11-24
第八课,13262.951338,15-11-25
第八课,10610.894790,15-11-26
第八课,15123.163885,15-11-27
第八课,23602.884353,15-11-28
第八课,37300.519619,15-11-29
第八课,9570.833000,15-11-30
第八课,7853.042033,15-12-01
第八课,6615.213345,15-12-02
第八课,13370.846524,15-12-03
第八课,1535.148688,15-12-04
第八课,5049.013827,15-12-05
第八课,10660.413353,15-12-06
第八课,27025.780056,15-12-07
第八课,45999.087123,15-12-08
第八课,11043.931186,15-12-09
第八课,2059.338941,15-12-10
第八课,7980.817433,15-12-11
第八课,27394.355074,15-12-12
第八课,44898.763600,15-12-13
第八课,56788.399032,15-12-14
第八课,41841.103209,15-12-15
第八课,22817.834616,15-12-16
第八课,485.851794,15-12-17
第八课,2840.411258,15-12-18
第八课,507.245348,15-12-19
第八课,9328.361931,15-12-20
第八课,8995.930835,15-12-21
第八课,18423.731068,15-12-22
第八课,20563.831608,15-12-23
第八课,8033.561030,15-12-24
第八课,8145.939281,15-12-25
第八课,16983.697228,15-12-26
第八课,68713.886582,15-12-27
第八课,39008.793400,15-12-28
第八课,60577.600474,15-12-29
第八课,25850.212149,15-12-30
第八课,7405.761454,15-12-31
第九课,0.000000,15-09-06
第九课,0.000000,15-09-07
第九课,0.000000,15-09-08
第九课,0.000000,15-09-09
第九课,0.000000,15-09-10
第九课,0.000000,15-09-11
第九课,0.000000,15-09-12
第九课,0.000000,15-09-13
第九课,0.000000,15-09-14
第九课,0.000000,15-09-15
第九课,0.000000,15-09-16
第九课,0.000000,15-09-17
第九课,0.000000,15-09-18
第九课,0.000000,15-09-19
第九课,0.000000,15-09-20
第九课,0.000000,15-09-21
第九课,0.000000,15-09-22
第九课,0.000000,15-09-23
第九课,0.000000,15-09-24
第九课,0.000000,15-09-25
第九课,0.000000,15-09-26
第九课,0.000000,15-09-27
第九课,0.000000,15-09-28
第九课,0.000000,15-09-29
第九课,0.000000,15-09-30
第九课,0.000000,15-10-01
第九课,0.000000,15-10-02
第九课,0.000000,15-10-03
第九课,0.000000,15-10-04
第九课,0.000000,15-10-05
第九课,0.000000,15-10-06
第九课,0.000000,15-10-07
第九课,0.000000,15-10-08
第九课,0.000000,15-10-09
第九课,0.000000,15-10-10
第九课,0.000000,15-10-11
第九课,0.000000,15-10-12
第九课,0.000000,15-10-13
第九课,0.000000,15-10-14
第九课,0.000000,15-10-15
第九课,0.000000,15-10-16
第九课,0.000000,15-10-17
第九课,0.000000,15-10-18
第九课,0.000000,15-10-19
第九课,0.000000,15-10-20
第九课,0.000000,15-10-21
第九课,0.000000,15-10-22
第九课,0.000000,15-10-23
第九课,0.000000,15-10-24
第九课,0.000000,15-10-25
第九课,0.000000,15-10-26
第九课,0.000000,15-10-27
第九课,0.000000,15-10-28
第九课,0.000000,15-10-29
第九课,0.000000,15-10-30
第九课,0.000000,15-10-31
第九课,0.000000,15-11-01
第九课,0.000000,15-11-02
第九课,0.000000,15-11-03
第九课,0.000000,15-11-04
第九课,0.000000,15-11-05
第九课,0.000000,15-11-06
第九课,0.000000,15-11-07
第九课,0.000000,15-11-08
第九课,0.000000,15-11-09
第九课,11441.121572,15-11-10
第九课,121385.574931,15-11-11
第九课,186341.277408,15-11-12
第九课,179673.640853,15-11-13
第九课,136030.577507,15-11-14
第九课,132840.748675,15-11-15
第九课,95238.522146,15-11-16
第九课,49596.292732,15-11-17
第九课,44184.104263,15-11-18
第九课,69037.168897,15-11-19
第九课,53239.389084,15-11-20
第九课,79029.278584,15-11-21
第九课,58164.377969,15-11-22
第九课,46719.578375,15-11-23
第九课,35691.078460,15-11-24
第九课,23425.801247,15-11-25
第九课,20888.559320,15-11-26
第九课,5154.313073,15-11-27
第九课,27119.236626,15-11-28
第九课,26424.197509,15-11-29
第九课,7415.046452,15-11-30
第九课,8057.155503,15-12-01
第九课,11644.398837,15-12-02
第九课,14992.528769,15-12-03
第九课,13991.677077,15-12-04
第九课,4109.031452,15-12-05
第九课,14593.019174,15-12-06
第九课,24028.410350,15-12-07
第九课,29741.687235,15-12-08
第九课,25877.752013,15-12-09
第九课,5157.291409,15-12-10
第九课,4097.891103,15-12-11
第九课,16272.245789,15-12-12
第九课,49508.394085,15-12-13
第九课,73233.728395,15-12-14
第九课,51897.604173,15-12-15
第九课,23893.493746,15-12-16
第九课,5004.815344,15-12-17
第九课,3611.719697,15-12-18
第九课,5051.281504,15-12-19
第九课,17066.316459,15-12-20
第九课,8375.588723,15-12-21
第九课,25134.819125,15-12-22
第九课,20653.213718,15-12-23
第九课,14884.482551,15-12-24
第九课,10127.098952,15-12-25
第九课,22783.110078,15-12-26
第九课,101544.361069,15-12-27
第九课,59902.590598,15-12-28
第九课,75998.491173,15-12-29
第九课,27893.940016,15-12-30
第九课,16918.988074,15-12-31
第十课,0.000000,15-09-06
第十课,0.000000,15-09-07
第十课,0.000000,15-09-08
第十课,0.000000,15-09-09
第十课,0.000000,15-09-10
第十课,0.000000,15-09-11
第十课,0.000000,15-09-12
第十课,0.000000,15-09-13
第十课,0.000000,15-09-14
第十课,0.000000,15-09-15
第十课,0.000000,15-09-16
第十课,0.000000,15-09-17
第十课,0.000000,15-09-18
第十课,0.000000,15-09-19
第十课,0.000000,15-09-20
第十课,0.000000,15-09-21
第十课,0.000000,15-09-22
第十课,0.000000,15-09-23
第十课,0.000000,15-09-24
第十课,0.000000,15-09-25
第十课,0.000000,15-09-26
第十课,0.000000,15-09-27
第十课,0.000000,15-09-28
第十课,0.000000,15-09-29
第十课,0.000000,15-09-30
第十课,0.000000,15-10-01
第十课,0.000000,15-10-02
第十课,0.000000,15-10-03
第十课,0.000000,15-10-04
第十课,0.000000,15-10-05
第十课,0.000000,15-10-06
第十课,0.000000,15-10-07
第十课,0.000000,15-10-08
第十课,0.000000,15-10-09
第十课,0.000000,15-10-10
第十课,0.000000,15-10-11
第十课,0.000000,15-10-12
第十课,0.000000,15-10-13
第十课,0.000000,15-10-14
第十课,0.000000,15-10-15
第十课,0.000000,15-10-16
第十课,0.000000,15-10-17
第十课,0.000000,15-10-18
第十课,0.000000,15-10-19
第十课,0.000000,15-10-20
第十课,0.000000,15-10-21
第十课,0.000000,15-10-22
第十课,0.000000,15-10-23
第十课,0.000000,15-10-24
第十课,0.000000,15-10-25
第十课,0.000000,15-10-26
第十课,0.000000,15-10-27
第十课,0.000000,15-10-28
第十课,0.000000,15-10-29
第十课,0.000000,15-10-30
第十课,0.000000,15-10-31
第十课,0.000000,15-11-01
第十课,0.000000,15-11-02
第十课,0.000000,15-11-03
第十课,0.000000,15-11-04
第十课,0.000000,15-11-05
第十课,0.000000,15-11-06
第十课,0.000000,15-11-07
第十课,0.000000,15-11-08
第十课,0.000000,15-11-09
第十课,0.000000,15-11-10
第十课,0.000000,15-11-11
第十课,0.000000,15-11-12
第十课,0.000000,15-11-13
第十课,0.000000,15-11-14
第十课,0.000000,15-11-15
第十课,0.000000,15-11-16
第十课,4340.983096,15-11-17
第十课,145751.667988,15-11-18
第十课,155551.313245,15-11-19
第十课,172401.313960,15-11-20
第十课,69147.232814,15-11-21
第十课,126424.021411,15-11-22
第十课,105562.471297,15-11-23
第十课,107380.920103,15-11-24
第十课,106082.836438,15-11-25
第十课,101163.455050,15-11-26
第十课,90587.512110,15-11-27
第十课,128444.937616,15-11-28
第十课,71450.929078,15-11-29
第十课,27833.976681,15-11-30
第十课,28339.504469,15-12-01
第十课,25826.031391,15-12-02
第十课,15417.308457,15-12-03
第十课,19271.798410,15-12-04
第十课,10219.736020,15-12-05
第十课,26571.040050,15-12-06
第十课,38404.081942,15-12-07
第十课,43009.441649,15-12-08
第十课,33482.389062,15-12-09
第十课,4759.655780,15-12-10
第十课,8193.939344,15-12-11
第十课,14273.035597,15-12-12
第十课,48617.531568,15-12-13
第十课,93950.320353,15-12-14
第十课,58483.336468,15-12-15
第十课,42746.205061,15-12-16
第十课,6657.883083,15-12-17
第十课,849.901000,15-12-18
第十课,6893.992962,15-12-19
第十课,14896.574055,15-12-20
第十课,18796.389656,15-12-21
第十课,26286.752358,15-12-22
第十课,14179.742599,15-12-23
第十课,24009.993240,15-12-24
第十课,13555.004361,15-12-25
第十课,22348.183472,15-12-26
第十课,94959.900256,15-12-27
第十课,60384.901120,15-12-28
第十课,73650.568599,15-12-29
第十课,40594.697849,15-12-30
第十课,14001.723770,15-12-31
第十一课,0.000000,15-09-06
第十一课,0.000000,15-09-07
第十一课,0.000000,15-09-08
第十一课,0.000000,15-09-09
第十一课,0.000000,15-09-10
第十一课,0.000000,15-09-11
第十一课,0.000000,15-09-12
第十一课,0.000000,15-09-13
第十一课,0.000000,15-09-14
第十一课,0.000000,15-09-15
第十一课,0.000000,15-09-16
第十一课,0.000000,15-09-17
第十一课,0.000000,15-09-18
第十一课,0.000000,15-09-19
第十一课,0.000000,15-09-20
第十一课,0.000000,15-09-21
第十一课,0.000000,15-09-22
第十一课,0.000000,15-09-23
第十一课,0.000000,15-09-24
第十一课,0.000000,15-09-25
第十一课,0.000000,15-09-26
第十一课,0.000000,15-09-27
第十一课,0.000000,15-09-28
第十一课,0.000000,15-09-29
第十一课,0.000000,15-09-30
第十一课,0.000000,15-10-01
第十一课,0.000000,15-10-02
第十一课,0.000000,15-10-03
第十一课,0.000000,15-10-04
第十一课,0.000000,15-10-05
第十一课,0.000000,15-10-06
第十一课,0.000000,15-10-07
第十一课,0.000000,15-10-08
第十一课,0.000000,15-10-09
第十一课,0.000000,15-10-10
第十一课,0.000000,15-10-11
第十一课,0.000000,15-10-12
第十一课,0.000000,15-10-13
第十一课,0.000000,15-10-14
第十一课,0.000000,15-10-15
第十一课,0.000000,15-10-16
第十一课,0.000000,15-10-17
第十一课,0.000000,15-10-18
第十一课,0.000000,15-10-19
第十一课,0.000000,15-10-20
第十一课,0.000000,15-10-21
第十一课,0.000000,15-10-22
第十一课,0.000000,15-10-23
第十一课,0.000000,15-10-24
第十一课,0.000000,15-10-25
第十一课,0.000000,15-10-26
第十一课,0.000000,15-10-27
第十一课,0.000000,15-10-28
第十一课,0.000000,15-10-29
第十一课,0.000000,15-10-30
第十一课,0.000000,15-10-31
第十一课,0.000000,15-11-01
第十一课,0.000000,15-11-02
第十一课,0.000000,15-11-03
第十一课,0.000000,15-11-04
第十一课,0.000000,15-11-05
第十一课,0.000000,15-11-06
第十一课,0.000000,15-11-07
第十一课,0.000000,15-11-08
第十一课,0.000000,15-11-09
第十一课,0.000000,15-11-10
第十一课,0.000000,15-11-11
第十一课,0.000000,15-11-12
第十一课,0.000000,15-11-13
第十一课,0.000000,15-11-14
第十一课,0.000000,15-11-15
第十一课,0.000000,15-11-16
第十一课,0.000000,15-11-17
第十一课,0.000000,15-11-18
第十一课,0.000000,15-11-19
第十一课,0.000000,15-11-20
第十一课,0.000000,15-11-21
第十一课,0.000000,15-11-22
第十一课,0.000000,15-11-23
第十一课,7652.620108,15-11-24
第十一课,170631.501534,15-11-25
第十一课,83494.858194,15-11-26
第十一课,89191.353695,15-11-27
第十一课,67623.357007,15-11-28
第十一课,47161.252156,15-11-29
第十一课,58126.524796,15-11-30
第十一课,30433.112852,15-12-01
第十一课,37027.560730,15-12-02
第十一课,20573.189880,15-12-03
第十一课,19820.616519,15-12-04
第十一课,35915.963575,15-12-05
第十一课,3084.164583,15-12-06
第十一课,16575.592105,15-12-07
第十一课,29591.607799,15-12-08
第十一课,33773.293729,15-12-09
第十一课,24578.919528,15-12-10
第十一课,16828.639839,15-12-11
第十一课,9817.774035,15-12-12
第十一课,391328.105370,15-12-13
第十一课,282253.416418,15-12-14
第十一课,287872.838463,15-12-15
第十一课,115969.221877,15-12-16
第十一课,72695.613063,15-12-17
第十一课,21180.962286,15-12-18
第十一课,120173.065854,15-12-19
第十一课,44895.837602,15-12-20
第十一课,1012.913147,15-12-21
第十一课,9573.875527,15-12-22
第十一课,1052.334713,15-12-23
第十一课,6229.648851,15-12-24
第十一课,4030.604959,15-12-25
第十一课,1720.182235,15-12-26
第十一课,16201.944546,15-12-27
第十一课,8153.204572,15-12-28
第十一课,3549.752177,15-12-29
第十一课,8600.996429,15-12-30
第十一课,5745.688857,15-12-31
